{
	"format_version": "1.8.0",
	"animations": {
		"animation.coroner.heal": {
			"animation_length": 0.75,
			"bones": {
				"flappy_thing": {
					"rotation": {
						"0.0": {
							"vector": [-2.5, 0, 0]
						},
						"0.375": {
							"vector": [-25, 0, 0],
							"easing": "easeOutSine"
						}
					},
					"position": {
						"0.0": {
							"vector": [0, 0, -0.4]
						},
						"0.375": {
							"vector": [0, 0, 0.6],
							"easing": "easeOutSine"
						}
					}
				},
				"body": {
					"rotation": {
						"0.0": {
							"vector": [7.5, 0, 0]
						},
						"0.0833": {
							"vector": [12.5, 0, 0]
						},
						"0.375": {
							"vector": [-27.5, 0, 0],
							"easing": "easeOutSine"
						},
						"0.5833": {
							"vector": [-25, 0, 0]
						},
						"0.75": {
							"vector": [-27.5, 0, 0]
						}
					}
				},
				"right_arm": {
					"rotation": {
						"0.0": {
							"vector": [-6.81895, -8.12356, -5.00749]
						},
						"0.0833": {
							"vector": [-6.45804, -8.41262, -7.51681]
						},
						"0.375": {
							"vector": [-11.78614, 31.00699, 15.46804]
						},
						"0.5833": {
							"vector": [-4.9831, 31.00699, 15.46804]
						},
						"0.75": {
							"vector": [-11.78614, 31.00699, 15.46804]
						}
					}
				},
				"left_arm": {
					"rotation": {
						"0.0": {
							"vector": [-9.09313, 10.82978, 5.01336]
						},
						"0.0833": {
							"vector": [-8.61189, 11.21458, 7.53001]
						},
						"0.375": {
							"vector": [-10.71159, -22.37439, -21.40655]
						},
						"0.5833": {
							"vector": [-6.58164, -22.37439, -21.40655]
						},
						"0.75": {
							"vector": [-10.71159, -22.37439, -21.40655]
						}
					}
				},
				"head": {
					"rotation": {
						"0.0": {
							"vector": [22.5, 0, 0]
						},
						"0.0833": {
							"vector": [27.5, 0, 0]
						},
						"0.375": {
							"vector": [-2.5, 0, 0]
						},
						"0.5833": {
							"vector": [-7.5, 0, 0]
						},
						"0.75": {
							"vector": [-2.5, 0, 0]
						}
					}
				},
				"upper_head": {
					"rotation": {
						"0.0": {
							"vector": [0, 0, 0]
						},
						"0.0833": {
							"vector": [0.83, 0, 0]
						},
						"0.25": {
							"vector": [-26.79, 0, 0]
						},
						"0.375": {
							"vector": [-30, 0, 0]
						},
						"0.5833": {
							"vector": [-32.5, 0, 0]
						},
						"0.75": {
							"vector": [-30, 0, 0]
						}
					}
				},
				"right_leg": {
					"rotation": {
						"0.375": {
							"vector": [10, 0, 0]
						},
						"0.5833": {
							"vector": [10, 0, 0]
						},
						"0.75": {
							"vector": [10, 0, 0]
						}
					}
				},
				"left_leg": {
					"rotation": {
						"0.375": {
							"vector": [-5, 0, 0]
						},
						"0.5833": {
							"vector": [-5, 0, 0]
						},
						"0.75": {
							"vector": [-5, 0, 0]
						}
					}
				}
			}
		}
	}
}